{"loss": 158.45248387612165, "_timestamp": 1672916153.7515743, "_runtime": 24.179757356643677, "_step": 0, "_wandb": {"runtime": 24}}