{"loss": 109.23349912614775, "_timestamp": 1672916256.005274, "_runtime": 85.87838315963745, "_step": 5, "Image plot": {"_type": "images/separated", "width": 28, "height": 28, "format": "png", "count": 100, "filenames": ["media/images/Image plot_5_449810b2c364ceb2b85b.png", "media/images/Image plot_5_18f390eb79f344f0a7c8.png", "media/images/Image plot_5_1ee28a2050055b2700aa.png", "media/images/Image plot_5_28b855be952b345c8db5.png", "media/images/Image plot_5_009e9f7e2b492dfe713e.png", "media/images/Image plot_5_46493d3cd622b3350479.png", "media/images/Image plot_5_80f9a26306c13d205b80.png", "media/images/Image plot_5_9f8709b6efe36781dcc4.png", "media/images/Image plot_5_07a860f2a6ee96a2cf05.png", "media/images/Image plot_5_b901db677b6489ade381.png", "media/images/Image plot_5_18653ac37296fa650634.png", "media/images/Image plot_5_bd83d44a6ee1011b1fd4.png", "media/images/Image plot_5_9863ed6dda308fe38671.png", "media/images/Image plot_5_f78b5e082139199a15f8.png", "media/images/Image plot_5_167499c49be8bb6764f6.png", "media/images/Image plot_5_e050176ec405e615f469.png", "media/images/Image plot_5_1bcd393ea658cc8d5f38.png", "media/images/Image plot_5_f5ac652fba4cfe8fda1a.png", "media/images/Image plot_5_a21c5077494143505cb8.png", "media/images/Image plot_5_c64d6454c6d2f8670fd9.png", "media/images/Image plot_5_aa74b770cbe648f39080.png", "media/images/Image plot_5_3dc2614179b196ee4703.png", "media/images/Image plot_5_26bdfb4f9aa337254eda.png", "media/images/Image plot_5_31e174f627729721da80.png", "media/images/Image plot_5_987e213e464058d2c7bf.png", "media/images/Image plot_5_a6929db96822b7de6f82.png", "media/images/Image plot_5_6886697fd5f83f4c356d.png", "media/images/Image plot_5_bd7ca669048182124cbe.png", "media/images/Image plot_5_5d754a74f926e6bd3dab.png", "media/images/Image plot_5_a008bcf7dc183f0de3b4.png", "media/images/Image plot_5_30bf50095f3c424ecbf9.png", "media/images/Image plot_5_b4771470bae6067687f8.png", "media/images/Image plot_5_3688b645792a20f16b50.png", "media/images/Image plot_5_53cf690478fd772d81b5.png", "media/images/Image plot_5_45ec14f4ae9105da8e6d.png", "media/images/Image plot_5_8e384070e1544730e8c4.png", "media/images/Image plot_5_221dce3b844b0450e21c.png", "media/images/Image plot_5_7c1fa883b496ffacae72.png", "media/images/Image plot_5_700c38d46a6dbe9c33e5.png", "media/images/Image plot_5_0d65537067c51e6a194f.png", "media/images/Image plot_5_95d5558996cd84d1ad52.png", "media/images/Image plot_5_88841dfdd54ba28b6744.png", "media/images/Image plot_5_04fb222b1bbf84d8b210.png", "media/images/Image plot_5_df7c6c614d89d2c95caf.png", "media/images/Image plot_5_14245b091ce1f01b5a7e.png", "media/images/Image plot_5_c91c8be862d77a242713.png", "media/images/Image plot_5_b474ea930f3b2f5d0d1f.png", "media/images/Image plot_5_25b8622bc30c7302be22.png", "media/images/Image plot_5_eba12bdc501074d59c51.png", "media/images/Image plot_5_b046adfb68fe8ced089f.png", "media/images/Image plot_5_a60478015eefb505d478.png", "media/images/Image plot_5_1e30e0983a50691102b9.png", "media/images/Image plot_5_3d6e3de3c30496fc2b90.png", "media/images/Image plot_5_6d592ce9331bb0a734e7.png", "media/images/Image plot_5_3a7fd10624c0368b4bad.png", "media/images/Image plot_5_94189849cfa110d51e4b.png", "media/images/Image plot_5_0573b91ddd98110eedad.png", "media/images/Image plot_5_a62a45435a6dd4df1bad.png", "media/images/Image plot_5_5eb2f1d7ade3a17b061f.png", "media/images/Image plot_5_1ef3aee21a5165e55c0b.png", "media/images/Image plot_5_731c47b53ced70a46005.png", "media/images/Image plot_5_6f16a4ce1856565c7252.png", "media/images/Image plot_5_039b1c279c8ddb473c51.png", "media/images/Image plot_5_1e16d037c0ac108b1304.png", "media/images/Image plot_5_acc19dca89652b87568c.png", "media/images/Image plot_5_fc42ba25f4e831d30258.png", "media/images/Image plot_5_32b3ecb3e7939d5f27e6.png", "media/images/Image plot_5_c18e24051c201f28aec8.png", "media/images/Image plot_5_ae433a942c743b2d4d8b.png", "media/images/Image plot_5_7cab522dab08afbf7ed3.png", "media/images/Image plot_5_939ba1b1b1009ad8de9a.png", "media/images/Image plot_5_0fe09d42c5ae20eeff82.png", "media/images/Image plot_5_62e4011c8c064271d8dd.png", "media/images/Image plot_5_234c0a95b3b4bec06246.png", "media/images/Image plot_5_b7d80aae1789d1913e7b.png", "media/images/Image plot_5_1ba20d2b57b25df2152f.png", "media/images/Image plot_5_fc0b6187001089323ded.png", "media/images/Image plot_5_857a20c8b8030c5aa7cb.png", "media/images/Image plot_5_bf3d43d0340112fcaed4.png", "media/images/Image plot_5_f6af4bbdf36ecf9e93e8.png", "media/images/Image plot_5_44db27223bf76b0d7375.png", "media/images/Image plot_5_8c9185355ecd533dcfb1.png", "media/images/Image plot_5_2e09d1f88f8009acd0cd.png", "media/images/Image plot_5_87914872c44e4c5bbb59.png", "media/images/Image plot_5_68f2b97bd17500213be6.png", "media/images/Image plot_5_ae7d245a750f5b5759d3.png", "media/images/Image plot_5_138bfd27d23efc7606cb.png", "media/images/Image plot_5_d58382946f0b583f2749.png", "media/images/Image plot_5_0c0e9ed47b848d8cca5d.png", "media/images/Image plot_5_35f5ef4c0c942145b8ef.png", "media/images/Image plot_5_b72a350e6b0df50861aa.png", "media/images/Image plot_5_0eff4d2fc581dbd4edfa.png", "media/images/Image plot_5_c3cd170eb6b57f91e727.png", "media/images/Image plot_5_2682fb9da367146a47fd.png", "media/images/Image plot_5_96325c64a6df3a006717.png", "media/images/Image plot_5_90d4638819f57678d1dc.png", "media/images/Image plot_5_a373ddb446774d0128eb.png", "media/images/Image plot_5_4d9d5f416240376d20dd.png", "media/images/Image plot_5_07e2a1cf7377cf82337b.png", "media/images/Image plot_5_92a03253525b7bc41747.png"]}, "_wandb": {"runtime": 84}}