{"loss": 109.34568701742488, "_timestamp": 1672915745.0957246, "_runtime": 74.59072065353394, "_step": 4, "_wandb": {"runtime": 72}}